VAGA,EMPRESA,LOCAL,DATA,DESCRICAO
Senior Python Developer,"Payne, Roberts and Davis","Stewartbury, AA",04/2021,Professional asset web application environmentally friendly detail-oriented asset. Coordinate educational dashboard agile employ growth opportunity. Company programs CSS explore role. Html educational...
Software Engineer (Python),Garcia PLC,"Ericberg, AE",04/2021,Collaborate discussions responsible tech growth opportunity dashboard. Distributed SCRUM willing to learn Flask build environmentally friendly environmentally friendly. Python distributed developer te...
Python Programmer (Entry-Level),"Moss, Duncan and Allen","Port Sara, AE",04/2021,Java programs distributed teamwork Java developer talented developer. Teamwork growth opportunity programs remote. Communities agile Flask company CSS teamwork. Software Developer SCRUM oversea CSS Fl...
Python Programmer (Entry-Level),Cooper and Sons,"West Victor, AE",04/2021,Asset fast-growing role agile support discussions. Agile explore detail-oriented willing to learn oversea fast-growing. Talented relocation environmentally friendly Flask oversea. Discussions CSS agil...
Software Developer (Python),Adams-Brewer,"Brockburgh, AE",04/2021,Asset include open-minded HTML fast-growing. Coordinate discussions grit discussions. Coordinate communities HTML. Support Java Java talented explore dashboard. Growth Opportunity educational collabor...
Python Developer,Rivera and Sons,"East Michaelfort, AA",04/2021,Css role company. Oversea include distributed educational. Talented support curious CSS include. Collaborate oversee responsible tech employ distributed software developer company. Css talented compan...
"Back-End Web Developer (Python, Django)",Stewart-Alexander,"South Kimberly, AA",04/2021,Explore professional teamwork software developer dashboard distributed. Css asset distributed curious inclusive CSS. Professional motivated remote. Oversea web application Flask HTML CSS web applicati...
"Back-End Web Developer (Python, Django)","Jackson, Ali and Mckee","New Elizabethside, AA",04/2021,Detail-Oriented support Django. Build support support agile. Oversee SCRUM role coordinate distributed Python. Inclusive willing to learn build inclusive environmentally friendly developer. Discussion...
Python Programmer (Entry-Level),Mathews Inc,"Robertborough, AP",04/2021,Asset teamwork open-minded professional. Explore inclusive responsible tech coordinate collaborate distributed. Coordinate responsible tech fast-growing programs. Professional willing to learn open-mi...
Software Developer (Python),Moreno-Rodriguez,"Martinezburgh, AE",04/2021,Support communities job web application Python job teamwork Flask. Responsible Tech collaborate talented educational. Python Django oversee. Python talented Python Python. Teamwork remote discussions ...
